perturbation,ph_dim0_count,ph_dim0_finite_count,ph_dim0_mean_lifetime,ph_dim0_max_lifetime,ph_dim0_total_persistence,ph_dim1_count,ph_dim1_finite_count,ph_dim1_mean_lifetime,ph_dim1_max_lifetime,ph_dim1_total_persistence,ph_dim2_count,ph_dim2_finite_count,ph_dim2_mean_lifetime,ph_dim2_max_lifetime,ph_dim2_total_persistence,ph_dim1_landscape_l1,ph_dim1_landscape_max,num_nodes,num_edges,distance_matrix_mean,distance_matrix_std,cosine_to_original,sampled_nodes
original,120.0,119.0,0.7721344540600016,1.0,91.88400003314018,14.0,14.0,0.27773809858730863,0.6043333411216736,3.8883333802223206,0.0,0.0,0.0,0.0,0.0,89.10679138843565,0.42309723129134497,120.0,151.0,0.9839919907407414,0.10887337650581583,1.0,120
weight_jitter,120.0,119.0,0.7662834456237424,1.0,91.18773002922535,17.0,17.0,0.24889997874989228,0.6163019239902496,4.231299638748169,1.0,1.0,0.005196034908294678,0.005196034908294678,0.005196034908294678,93.78187067968452,0.4314765046651701,120.0,151.0,0.9839089847149034,0.10916130149254909,0.9995867957571885,120
edge_subsample,120.0,119.0,0.7790588238159147,1.0,92.70800003409386,13.0,13.0,0.27656410749141985,0.6043333411216736,3.5953333973884583,0.0,0.0,0.0,0.0,0.0,89.10679138843565,0.42309723129134497,120.0,139.0,0.9842704629629636,0.10848137846304265,0.999970108454761,120
node_subsample,120.0,119.0,0.7498963595438404,1.0,89.23766678571701,24.0,24.0,0.21694444368282953,0.6029999852180481,5.206666648387909,1.0,1.0,0.02433335781097412,0.02433335781097412,0.02433335781097412,79.32032875492447,0.42566428733730577,120.0,162.0,0.9835608333333336,0.11074726804554771,0.996683902282779,120
hub_removal,120.0,119.0,0.9302745109596172,1.0,110.70266680419445,1.0,1.0,0.1769999861717224,0.1769999861717224,0.1769999861717224,0.0,0.0,0.0,0.0,0.0,6.319853876326192,0.12391870345737635,120.0,24.0,0.9904562499999999,0.09386874241187496,0.9135528425483348,120
