feature,positive_mean,negative_mean,mean_difference,auroc,rank_biserial
strength,46.41526119262566,8.91028167194987,37.50497952067579,0.8274257023067131,0.6548514046134262
ego_edges,1090.1597065462754,113.3371609721733,976.8225455741022,0.8202911200570576,0.6405822401141152
degree,95.81094808126412,23.831771750616415,71.9791763306477,0.8062620410486954,0.6125240820973907
ego_nodes,96.81094808126412,24.831771750616415,71.9791763306477,0.8062620410486954,0.6125240820973907
clustering,0.07131504121944526,0.037681839163615206,0.03363320205583006,0.7292889589298365,0.45857791785967295
local_density,0.21053532862445276,0.40777486850626815,-0.1972395398818154,0.3080501193867742,-0.38389976122645164
